,City,Cloudyness,Country,Date,Humidity,Lat,Lng,Max Temp,Wind Speed
0,Barrow,0,AR,1538943705,30,-38.31,-60.23,81.79,18.16
1,Chuy,0,UY,1538943705,82,-33.69,-53.46,68.02,10.33
2,Rikitea,100,PF,1538943705,100,-23.12,-134.97,67.66,6.87
3,Batemans Bay,48,AU,1538943705,99,-35.71,150.18,56.41,8.77
4,Hermanus,0,ZA,1538943706,83,-34.42,19.24,60.01,4.97
5,Severo-Kurilsk,8,RU,1538943706,93,50.68,156.12,46.06,13.47
6,Albany,90,US,1538943060,77,42.65,-73.75,71.96,10.29
7,Cape Town,0,ZA,1538942400,82,-33.93,18.42,64.4,10.29
8,Panaba,68,MX,1538943706,81,21.28,-88.27,80.08,11.01
9,Ushuaia,40,AR,1538938800,60,-54.81,-68.31,41.0,28.86
10,Atuona,48,PF,1538943969,100,-9.8,-139.03,79.81,8.88
11,Guerrero Negro,64,MX,1538943969,82,27.97,-114.04,70.54,11.12
12,Amasya,0,TR,1538941800,53,40.65,35.83,50.0,2.06
13,Katobu,8,ID,1538943969,100,-4.94,122.53,77.02,3.96
14,Port Alfred,0,ZA,1538943969,88,-33.59,26.89,69.28,18.84
15,Chokurdakh,80,RU,1538943970,89,70.62,147.9,24.28,7.09
16,Gasa,88,BT,1538943970,72,27.91,89.73,19.24,1.61
17,Rawson,92,AR,1538943970,27,-43.3,-65.11,71.17,18.16
18,Juneau,90,US,1538942460,96,58.3,-134.42,48.02,3.36
19,Ponta do Sol,80,BR,1538943970,94,-20.63,-46.0,69.19,5.75
20,Cidreira,8,BR,1538943971,75,-30.17,-50.22,70.72,11.45
21,Bambous Virieux,20,MU,1538942400,83,-20.34,57.76,69.8,4.7
22,Mujiayingzi,0,CN,1538943971,65,42.12,118.78,27.52,4.07
23,Bluff,0,AU,1538943971,89,-23.58,149.07,65.59,6.64
24,Yellowknife,20,CA,1538942400,54,62.45,-114.38,30.2,2.24
25,Nuuk,12,GL,1538941800,100,64.17,-51.74,32.0,6.93
26,Saskylakh,44,RU,1538943972,92,71.97,114.09,34.99,16.6
27,Luderitz,76,NA,1538943972,65,-26.65,15.16,66.22,10.67
28,Punta Arenas,40,CL,1538938800,91,-53.16,-70.91,42.8,24.16
29,Laguna,20,MX,1538941560,35,27.52,-110.01,87.8,13.87
30,Jamestown,32,AU,1538943973,42,-33.21,138.6,63.52,14.7
31,Aykhal,0,RU,1538943973,73,65.95,111.51,26.62,2.62
32,Hobart,0,AU,1538942400,76,-42.88,147.33,51.8,8.05
33,Bethel,90,US,1538941980,100,60.79,-161.76,46.04,8.05
34,Lahat,20,ID,1538943974,68,-3.78,103.55,77.65,4.41
35,Busselton,100,AU,1538943975,100,-33.64,115.35,57.49,13.02
36,Port Elizabeth,40,US,1538942160,74,39.31,-74.98,82.04,3.36
37,Goderich,64,CA,1538943918,86,43.74,-81.71,59.83,8.77
38,Green River,90,US,1538942040,85,41.53,-109.47,37.04,27.51
39,Abha,0,SA,1538938800,20,18.22,42.5,68.0,6.93
40,Tiznit,8,MA,1538943976,90,29.7,-9.73,68.38,3.29
41,Tura,0,IN,1538943976,92,25.52,90.21,67.21,2.17
42,Kapaa,75,US,1538942160,74,22.08,-159.32,84.92,11.41
43,Mataura,8,NZ,1538943996,82,-46.19,168.86,46.78,7.43
44,Kangaatsiaq,80,GL,1538943997,100,68.31,-53.46,33.19,8.99
45,Nanortalik,0,GL,1538943997,96,60.14,-45.24,36.34,23.42
46,Nhulunbuy,0,AU,1538942400,94,-12.18,136.78,71.6,12.24
47,Cockburn Town,92,TC,1538943997,100,21.46,-71.14,79.9,16.37
48,Saldanha,0,PT,1538943998,53,41.42,-6.55,53.26,10.22
49,Bitkine,0,TD,1538943998,70,11.98,18.21,76.3,3.62
50,Haicheng,0,CN,1538943998,68,40.85,122.74,33.82,2.62
51,Qaanaaq,12,GL,1538943998,100,77.48,-69.36,18.34,15.82
52,Mackay,90,CA,1538942640,86,53.65,-115.58,33.8,8.05
53,Santiago del Estero,32,AR,1538943942,29,-27.8,-64.26,90.79,12.68
54,Kawalu,80,ID,1538943999,100,-7.38,108.21,67.03,2.17
55,East London,12,ZA,1538943999,100,-33.02,27.91,69.73,25.77
56,Hami,0,CN,1538943999,54,42.84,93.51,39.31,8.66
57,San Cristobal,75,EC,1538942400,82,-0.39,-78.55,57.2,10.29
58,Subang,75,MY,1538942400,88,3.15,101.53,77.0,3.36
59,Tasiilaq,92,GL,1538941800,55,65.61,-37.64,37.4,8.05
60,Baykit,24,RU,1538944000,85,61.68,96.39,32.65,4.41
61,Salina Cruz,44,MX,1538944000,50,16.18,-95.2,89.89,3.18
62,Miraflores,88,CO,1538943736,70,5.2,-73.14,61.81,2.06
63,Ribeira Grande,75,PT,1538942400,83,38.52,-28.7,71.6,6.93
64,Oksfjord,75,NO,1538942280,80,70.24,22.35,41.0,17.22
65,Grindavik,75,IS,1538940600,93,63.84,-22.43,37.4,6.93
66,Flinders,40,AU,1538942400,100,-34.58,150.85,57.2,12.75
67,Deputatskiy,80,RU,1538944002,78,69.3,139.9,8.08,2.73
68,Russell,0,AR,1538938800,35,-33.01,-68.8,87.8,6.93
69,Butaritari,0,KI,1538944002,100,3.07,172.79,83.41,6.2
70,Sao Filipe,0,CV,1538944002,94,14.9,-24.5,80.53,11.12
71,Hilo,90,US,1538942820,93,19.71,-155.08,75.02,6.93
72,High Level,75,CA,1538942400,68,58.52,-117.13,30.2,14.99
73,Vaini,32,IN,1538944003,91,15.34,74.49,68.38,1.61
74,Teacapan,32,MX,1538944003,73,22.54,-105.74,85.3,3.62
75,Camopi,0,GF,1538944003,58,3.17,-52.33,87.82,3.29
76,Vila Franca do Campo,20,PT,1538942400,83,37.72,-25.43,69.8,9.17
77,Arraial do Cabo,75,BR,1538938800,83,-22.97,-42.02,71.6,13.87
78,Pankrushikha,32,RU,1538944004,89,53.83,80.35,43.63,13.24
79,Lafiagi,36,NG,1538944004,93,8.85,5.42,75.13,4.85
80,New Norfolk,0,AU,1538942400,76,-42.78,147.06,51.8,8.05
81,Hokitika,88,NZ,1538944005,100,-42.72,170.96,50.29,10.22
82,Presidencia Roque Saenz Pena,76,AR,1538944005,61,-26.79,-60.44,82.42,5.75
83,Kyren,0,RU,1538944005,63,51.68,102.13,5.83,1.95
84,Dwarka,0,IN,1538942400,65,28.58,77.04,77.0,2.73
85,Longyearbyen,20,NO,1538941800,79,78.22,15.63,21.2,2.28
86,Ugoofaaru,80,MV,1538944026,100,5.67,73.0,80.71,10.78
87,Hithadhoo,88,MV,1538944026,100,-0.6,73.08,80.98,15.7
88,Saint George,20,GR,1538941800,87,39.45,22.34,59.0,2.84
89,Puerto Ayora,0,EC,1538942400,54,-0.74,-90.35,80.6,13.87
90,Kushiro,92,JP,1538944027,99,43.11,144.15,49.84,3.06
91,Monkey Bay,0,MW,1538944027,93,-14.08,34.91,78.64,17.27
92,Darhan,64,MN,1538944027,86,49.49,105.92,25.36,3.74
93,Namibe,0,AO,1538944027,100,-15.19,12.15,69.1,13.47
94,Mayumba,32,GA,1538944027,99,-3.44,10.65,75.58,5.64
95,Orchard Homes,75,US,1538941980,48,46.86,-114.05,55.04,5.82
96,Codrington,44,AU,1538944028,99,-28.95,153.24,60.1,3.4
97,Meulaboh,8,ID,1538944028,100,4.14,96.13,77.74,3.85
98,Castro,92,CL,1538944029,100,-42.48,-73.76,48.04,8.43
99,Tuktoyaktuk,5,CA,1538942400,73,69.44,-133.03,26.6,13.87
100,Tandlianwala,0,PK,1538944029,73,31.03,73.13,69.55,3.62
101,Ambon,40,FR,1538942400,76,47.55,-2.56,57.2,9.17
102,Agirish,0,RU,1538944030,94,61.92,63.02,30.04,5.08
103,Zimovniki,0,RU,1538944030,70,47.15,42.46,44.98,10.89
104,Edd,0,ER,1538944030,58,13.93,41.69,67.03,0.83
105,Scarborough,56,GB,1538941800,71,54.28,-0.41,51.8,12.75
106,Ferkessedougou,0,CI,1538944030,88,9.6,-5.2,76.66,3.06
107,Nikolskoye,0,RU,1538940600,86,59.7,30.79,37.4,8.95
108,Hamilton,20,BM,1538942100,65,32.3,-64.78,78.8,6.93
109,Seoul,0,KR,1538942400,81,37.57,126.98,53.6,1.12
110,Arcoverde,0,BR,1538944031,35,-8.42,-37.06,81.97,9.66
111,Talnakh,100,RU,1538944031,81,69.49,88.39,43.54,21.07
112,Pimentel,24,BR,1538944032,80,-3.7,-45.5,82.06,2.51
113,Axim,92,GH,1538944032,100,4.87,-2.24,78.64,9.44
114,Divo,76,CI,1538944032,95,5.83,-5.36,73.87,3.96
115,Ahuimanu,20,US,1538942220,76,21.44,-157.84,84.92,9.17
116,Santa Rosalia,40,IT,1538942100,83,38.07,13.27,69.8,2.24
117,Avarua,40,CK,1538942400,78,-21.21,-159.78,78.8,9.17
118,Soyo,8,AO,1538944033,86,-6.13,12.37,75.94,5.41
119,Ilulissat,48,GL,1538941800,79,69.22,-51.1,28.4,11.41
120,Kahului,40,US,1538943180,61,20.89,-156.47,87.98,11.41
121,Shirokiy,0,RU,1538944034,64,53.87,39.17,52.81,19.06
122,Puksoozero,76,RU,1538944034,96,62.59,40.61,33.55,6.2
123,Vardo,1,US,1538942400,55,39.62,-77.74,87.8,5.82
124,Shimanovsk,8,RU,1538944034,76,52.0,127.67,25.0,3.18
125,Luau,8,CD,1538944034,50,-10.7,22.23,71.17,3.74
126,Den Helder,90,NL,1538942100,100,52.96,4.76,55.4,1.12
127,Tak,64,TH,1538944035,90,16.87,99.12,73.24,2.28
128,Amapa,90,HN,1538942400,88,15.09,-87.97,69.8,4.7
129,Isiro,56,CD,1538944035,96,2.77,27.62,70.27,2.17
130,Iqaluit,90,CA,1538942400,86,63.75,-68.52,30.2,5.82
131,Lavrentiya,88,RU,1538944036,99,65.58,-170.99,43.72,8.21
132,Thompson,90,CA,1538942400,79,55.74,-97.86,28.4,8.05
133,Carnarvon,24,ZA,1538944056,18,-30.97,22.13,66.58,6.53
134,Mahebourg,20,MU,1538942400,83,-20.41,57.7,69.8,4.7
135,Paamiut,20,GL,1538944057,100,61.99,-49.67,36.61,15.26
136,Mar del Plata,92,AR,1538944057,52,-46.43,-67.52,55.51,16.15
137,Te Anau,20,NZ,1538944057,98,-45.41,167.72,41.29,3.62
138,San Jose,36,PH,1538943962,96,15.79,120.99,69.82,1.39
139,Aksay,0,RU,1538944059,65,47.27,39.86,46.69,10.45
140,Karratha,0,AU,1538944059,30,-20.74,116.85,72.07,10.22
141,Souillac,0,FR,1538942400,82,45.6,-0.6,59.0,6.93
142,Hovd,0,NO,1538941800,52,63.83,10.7,46.4,24.16
143,Kidal,0,ML,1538944060,18,18.44,1.41,82.87,11.12
144,Bud,75,NO,1538941800,94,62.91,6.91,50.0,6.93
145,Sitka,92,US,1538944060,100,37.17,-99.65,64.42,12.68
146,Chapais,90,CA,1538942400,69,49.78,-74.86,35.6,4.7
147,Vila Velha,0,BR,1538942400,69,-3.71,-38.6,82.4,18.34
148,Custoias,0,PT,1538944061,45,41.11,-7.32,54.79,7.54
149,Bredasdorp,80,ZA,1538942400,88,-34.53,20.04,64.4,10.29
150,Portland,90,US,1538942700,86,45.52,-122.67,55.94,3.36
151,Sisimiut,0,GL,1538944061,100,66.94,-53.67,18.43,2.73
152,Saint-Philippe,90,CA,1538942400,76,45.36,-73.48,50.0,8.05
153,Rocha,0,UY,1538944062,58,-34.48,-54.34,71.26,6.98
154,Payo,20,ID,1538944062,68,-3.75,103.64,77.65,4.41
155,Richards Bay,0,ZA,1538944062,99,-28.77,32.06,60.91,6.42
156,Anjozorobe,40,MG,1538942400,88,-18.4,47.88,64.4,6.93
157,Torbay,40,CA,1538942400,100,47.66,-52.73,48.2,11.41
158,Curup,56,ID,1538944063,82,-3.47,102.53,72.34,1.72
159,Brae,8,GB,1538941800,100,60.4,-1.35,53.6,26.4
160,Fairbanks,90,US,1538942280,21,64.84,-147.72,37.4,3.36
161,Yulara,90,AU,1538942400,50,-25.24,130.99,75.2,10.29
162,Keetmanshoop,92,NA,1538944064,12,-26.57,18.15,77.38,7.76
163,Wanning,75,AT,1538941800,93,48.64,13.53,57.2,1.12
164,Acultzingo,100,MX,1538944064,65,18.72,-97.3,70.81,2.28
165,Suraabad,0,AZ,1538940600,67,40.82,49.47,62.6,11.41
166,Zhicheng,56,CN,1538944065,76,35.04,112.59,57.4,2.84
167,Naryan-Mar,24,RU,1538944065,96,67.67,53.09,38.77,16.26
168,Chaykovskaya,40,RU,1538938800,93,58.13,55.54,42.8,6.71
169,Tipuani,12,BO,1538944065,70,-15.56,-68.02,76.12,2.17
170,Cherskiy,92,RU,1538944065,93,68.75,161.3,30.76,6.31
171,Ostrovnoy,0,RU,1538944066,92,68.05,39.51,25.45,11.68
172,Itarema,0,BR,1538944066,62,-2.92,-39.92,83.68,18.61
173,Pandan,32,PH,1538944066,100,11.72,122.09,80.8,9.78
174,Taunggyi,44,MM,1538944066,95,20.78,97.03,59.56,2.95
175,Zhezkazgan,0,KZ,1538944067,77,47.8,67.71,28.87,3.62
176,Tuatapere,12,NZ,1538944067,100,-46.13,167.69,45.16,12.35
177,Saint-Augustin,40,FR,1538942400,93,44.83,-0.61,57.2,6.93
178,San Carlos de Bariloche,75,AR,1538942400,81,-41.13,-71.31,44.6,18.34
179,General Roca,0,AR,1538938800,21,-39.03,-67.58,80.6,5.82
180,Luckenwalde,0,DE,1538941800,81,52.09,13.16,46.4,4.7
181,Carutapera,76,BR,1538944088,78,-1.2,-46.02,81.61,10.33
182,Mpika,0,ZM,1538944088,33,-11.84,31.4,66.76,13.24
183,Kavaratti,92,IN,1538944088,100,10.57,72.64,76.93,11.68
184,Sibolga,64,ID,1538944088,100,1.74,98.78,69.01,1.5
185,Georgetown,20,GY,1538942400,59,6.8,-58.16,89.6,13.87
186,Kavieng,76,PG,1538944089,100,-2.57,150.8,81.97,3.06
187,Vostok,0,RU,1538944089,85,46.45,135.83,32.2,2.06
188,Dunedin,68,NZ,1538943896,93,-45.87,170.5,43.45,3.62
189,Panguna,80,PG,1538944089,96,-6.32,155.48,74.05,2.95
190,San Javier,75,ES,1538942400,60,37.81,-0.83,71.6,11.41
191,Quatre Cocos,20,MU,1538942400,83,-20.21,57.76,69.8,4.7
192,Westport,90,IE,1538942400,100,53.8,-9.52,53.6,14.99
193,Springdale,20,US,1538942460,67,36.19,-94.13,80.96,14.99
194,Alyangula,0,AU,1538944091,100,-13.85,136.42,76.84,5.75
195,Gboko,36,NG,1538944091,76,7.32,9.0,79.99,14.92
196,Itoman,20,JP,1538942400,83,26.12,127.67,75.2,6.93
197,Taltal,24,CL,1538944092,72,-25.41,-70.49,66.31,2.95
198,Fare,44,PF,1538944092,99,-16.7,-151.02,78.91,11.68
199,Nuevo Progreso,75,US,1538942100,44,26.05,-97.95,96.08,17.22
200,Dunda,0,IN,1538944092,88,30.62,78.32,41.29,2.17
201,Ratnagiri,44,IN,1538943855,98,16.98,73.3,83.86,7.65
202,Tateyama,100,JP,1538944092,100,36.66,137.31,57.49,2.28
203,Upernavik,88,GL,1538944093,100,72.79,-56.15,33.82,21.52
204,Welwyn Garden City,0,GB,1538941800,70,51.8,-0.21,48.2,6.93
205,Bemidji,90,US,1538943300,82,47.48,-94.89,46.04,8.05
206,Iroquois Falls,90,CA,1538942400,74,48.76,-80.69,39.2,5.82
207,Beringovskiy,92,RU,1538944094,100,63.05,179.32,45.79,6.76
208,Sharkan,92,RU,1538944094,98,57.3,53.87,42.64,5.97
209,Bosanska Gradiska,0,BA,1538942400,100,45.14,17.25,59.0,3.36
210,Port Lincoln,80,AU,1538944094,99,-34.72,135.86,57.4,14.81
211,Rize,0,TR,1538941800,82,41.02,40.52,60.8,4.7
212,Villacarrillo,0,ES,1538944095,53,38.12,-3.08,53.8,5.53
213,Biak,44,ID,1538944095,100,-0.91,122.88,75.13,3.51
214,Buala,88,SB,1538944095,95,-8.15,159.59,81.34,7.76
215,Boa Vista,40,BR,1538942400,39,2.82,-60.67,95.0,6.93
216,Faanui,56,PF,1538944096,100,-16.48,-151.75,79.09,10.67
217,Batagay-Alyta,88,RU,1538944096,79,67.8,130.41,15.73,3.4
218,Provideniya,90,RU,1538940600,87,64.42,-173.23,46.4,2.24
219,Borova,0,UA,1538942400,75,50.18,30.1,53.6,8.95
220,Natal,20,BR,1538942400,65,-5.81,-35.21,82.4,19.46
221,Birjand,0,IR,1538938800,47,32.86,59.22,59.0,4.7
222,Sao Joao da Barra,75,BR,1538938800,73,-21.64,-41.05,75.2,17.22
223,Chase,90,US,1538943420,93,43.89,-85.64,55.04,5.82
224,San Francisco,20,US,1538942280,26,37.78,-122.42,80.96,18.34
225,Fort Nelson,90,CA,1538942400,86,58.81,-122.69,26.6,9.17
226,Leningradskiy,80,RU,1538944120,98,69.38,178.42,35.89,8.77
227,Isla Vista,1,US,1538942160,63,34.41,-119.86,75.2,11.41
228,Ancud,92,CL,1538944120,97,-41.87,-73.83,49.57,11.01
229,Mountain Home,1,US,1538942400,42,43.13,-115.69,60.08,17.22
230,Cabedelo,20,BR,1538942400,74,-6.97,-34.84,78.8,16.11
231,North Platte,90,US,1538941980,95,41.12,-100.77,44.06,9.17
232,Suarez,75,CO,1538942400,61,4.05,-74.83,82.4,5.82
233,Nioro,0,GM,1538944121,82,13.79,-15.05,82.87,1.16
234,Cabo San Lucas,5,MX,1538941500,58,22.89,-109.91,93.2,11.41
235,Grand Gaube,20,MU,1538942400,83,-20.01,57.66,69.8,4.7
236,Poum,36,MK,1538944122,92,41.28,20.71,46.96,1.95
237,Martinez,40,US,1538942280,3,38.01,-122.13,82.4,13.87
238,Port Keats,0,AU,1538944122,89,-14.25,129.55,74.23,8.21
239,Beian,0,NO,1538941800,52,63.66,9.57,46.4,18.34
240,Saravan,8,AM,1538942400,47,39.72,45.65,59.0,13.87
241,Katsuura,75,JP,1538941440,83,33.93,134.5,71.6,6.93
242,Mahanoro,92,MG,1538944123,89,-19.9,48.8,70.72,3.62
243,Hofn,0,IS,1538944123,100,64.25,-15.21,42.01,18.28
244,Moron,40,VE,1538942400,55,10.49,-68.2,89.6,3.4
245,Samarai,0,PG,1538944124,100,-10.62,150.67,76.57,12.91
246,Narasannapeta,0,IN,1538944124,99,18.42,84.04,71.98,2.51
247,Zhigansk,80,RU,1538944124,98,66.77,123.37,30.22,3.4
248,Colac,0,AU,1538944125,80,-38.34,143.59,56.05,3.4
249,Kadyy,92,RU,1538944125,90,57.79,43.19,51.91,15.93
250,Half Moon Bay,20,US,1538942160,26,37.46,-122.43,80.06,18.34
251,Makakilo City,40,US,1538942220,65,21.35,-158.09,84.92,5.82
252,Dhidhdhoo,92,MV,1538944125,100,6.88,73.1,79.27,9.22
253,Manaure,75,CO,1538942400,74,11.78,-72.45,86.0,9.17
254,Buarcos,0,PT,1538942400,71,40.16,-8.88,57.2,4.7
255,Myski,0,RU,1538944126,83,53.71,87.8,39.58,4.41
256,Altamira,40,BR,1538942400,66,-3.2,-52.21,87.8,3.36
257,Port Macquarie,0,AU,1538942400,93,-31.43,152.91,55.4,4.29
258,Esperance,20,TT,1538942400,83,10.24,-61.45,82.4,6.93
259,Tanout,0,NE,1538944127,23,14.97,8.88,79.81,6.64
260,Luanda,20,AO,1538942400,83,-8.83,13.24,75.2,8.05
261,Pisco,75,PE,1538942400,30,-13.71,-76.2,71.6,6.93
262,Khatanga,36,RU,1538944128,84,71.98,102.47,43.63,15.82
263,Bucerias,75,MX,1538941680,59,20.76,-105.33,89.6,8.05
264,Les Cayes,92,HT,1538943909,100,18.19,-73.75,74.32,7.99
265,Khandyga,32,RU,1538944128,83,62.65,135.58,17.26,1.95
266,Poso,100,ID,1538944128,100,-1.4,120.75,74.41,5.41
267,Andover,90,US,1538943360,72,42.66,-71.14,73.04,10.29
268,Kaitangata,0,NZ,1538944129,82,-46.28,169.85,46.87,8.99
269,Acopiara,8,BR,1538944149,31,-6.09,-39.45,88.81,9.22
270,Rajgarh,8,IN,1538944149,69,24.01,76.73,70.18,4.41
271,Kralendijk,75,BQ,1538942100,70,12.15,-68.27,86.0,14.99
272,Anori,44,BR,1538944150,77,-3.74,-61.66,85.66,4.18
273,Progreso,0,UY,1538942400,38,-34.68,-56.22,77.0,11.41
274,Nishihara,90,JP,1538942400,70,35.74,139.53,73.4,4.7
275,Palm Coast,40,US,1538942160,70,29.55,-81.22,84.92,16.11
276,Nogliki,92,RU,1538944151,100,51.8,143.14,46.6,10.78
277,Cabadiangan,90,PH,1538942400,88,10.45,123.98,78.8,19.46
278,Zyryanka,76,RU,1538944152,95,65.73,150.89,27.25,2.84
279,Teya,40,MX,1538941740,70,21.05,-89.07,86.0,6.93
280,Glebychevo,0,RU,1538944152,100,60.44,28.72,34.36,5.97
281,Hambantota,92,LK,1538944154,100,6.12,81.12,77.56,13.69
282,Angoche,92,MZ,1538944154,100,-16.23,39.91,76.93,18.16
283,Roald,0,NO,1538941800,53,62.58,6.12,50.0,13.87
284,Bhasawar,0,IN,1538944155,78,27.03,77.03,68.29,2.28
285,Cliza,75,BO,1538942400,42,-17.59,-65.93,68.0,13.87
286,Kodiak,90,US,1538941980,100,39.95,-94.76,60.08,3.36
287,Kuytun,0,RU,1538944155,79,54.34,101.51,21.58,2.62
288,Inhambane,40,MZ,1538938800,73,-23.87,35.38,71.6,4.7
289,Papayal,75,EC,1538942400,49,-2.43,-79.18,69.8,5.82
290,Pacific Grove,1,US,1538942100,42,36.62,-121.92,78.8,9.17
291,Shieli,0,KZ,1538944156,71,44.18,66.74,34.36,4.63
292,Haverfordwest,80,GB,1538938200,76,51.8,-4.97,57.2,19.46
293,Pokhara,0,NP,1538944156,75,28.21,83.99,45.34,2.17
294,Kulunda,0,RU,1538944156,82,52.57,78.94,42.28,11.79
295,Bang Saphan,68,TH,1538944157,98,11.21,99.51,77.02,2.39
296,Dogondoutchi,0,NE,1538944157,73,13.64,4.03,80.62,2.95
297,Airai,0,TL,1538944157,68,-8.93,125.41,55.51,1.83
298,Innisfail,75,CA,1538942400,40,52.02,-113.95,51.8,10.29
299,Honningsvag,75,NO,1538941800,80,70.98,25.97,39.2,17.22
300,Puerto Narino,40,CO,1538942400,74,-3.77,-70.38,86.0,3.36
301,Tarakan,12,ID,1538944158,100,3.3,117.63,80.44,2.51
302,Myitkyina,88,MM,1538944158,100,25.38,97.4,69.73,2.06
303,Isangel,36,VU,1538944158,100,-19.55,169.27,74.14,11.9
304,Lodja,12,CD,1538944158,93,-3.52,23.6,73.69,3.18
305,Central Point,1,US,1538942160,53,42.38,-122.91,59.0,2.73
306,Suntar,68,RU,1538944159,92,62.16,117.65,31.66,4.29
307,Victoria,75,BN,1538942400,88,5.28,115.24,80.6,9.22
308,Immokalee,20,US,1538941980,48,26.42,-81.42,89.96,11.41
309,Tianpeng,36,CN,1538944180,73,28.88,112.34,65.14,5.41
310,Broken Hill,0,AU,1538944180,47,-31.97,141.45,59.65,10.45
311,Mumford,44,GH,1538944180,97,5.26,-0.76,75.58,5.08
312,Salinas,1,US,1538942100,31,36.67,-121.66,78.8,9.17
313,La Primavera,0,AR,1538938800,35,-32.92,-68.67,87.8,6.93
314,Ambovombe,0,MG,1538944181,89,-25.18,46.09,71.44,19.95
315,Kasiri,68,SL,1538944182,100,8.94,-13.11,78.1,5.64
316,Bandarbeyla,0,SO,1538944182,98,9.49,50.81,76.12,3.62
317,Mahibadhoo,76,MV,1538944182,94,3.78,72.97,84.13,17.38
318,Naze,40,NG,1538942400,94,5.43,7.07,78.8,5.82
319,Road Town,40,VG,1538942400,74,18.42,-64.62,84.2,8.05
320,Beira,0,ES,1538942400,62,43.2,-8.36,53.6,3.36
321,Nome,75,US,1538942100,59,30.04,-94.42,89.78,13.87
322,Sawakin,24,SD,1538944183,91,19.1,37.33,79.99,4.63
323,Sur,0,OM,1538944183,91,22.57,59.53,84.31,4.63
324,Hualmay,0,PE,1538944184,66,-11.1,-77.61,69.28,5.08
325,Daru,76,SL,1538944184,95,7.99,-10.85,74.05,4.63
326,Eydhafushi,80,MV,1538944184,100,5.1,73.07,80.71,10.78
327,Norman Wells,75,CA,1538942400,59,65.28,-126.83,33.8,20.8
328,Bam,0,IR,1538944185,55,29.11,58.36,59.56,6.53
329,Tocopilla,8,CL,1538944185,76,-22.09,-70.2,68.29,5.19
330,Tiksi,36,RU,1538944185,100,71.64,128.87,20.41,2.95
331,Eureka,1,US,1538942100,60,40.8,-124.16,64.4,18.34
332,Prado,0,BR,1538944186,95,-17.34,-39.22,77.65,11.56
333,Ritchie,0,ZA,1538942400,18,-29.03,24.6,68.0,6.42
334,Casper,90,US,1538941980,100,42.87,-106.31,35.06,11.41
335,Ahipara,0,NZ,1538944186,86,-35.17,173.16,58.21,5.97
336,Xuddur,76,SO,1538944186,48,4.12,43.89,80.89,7.99
337,Lebu,40,ET,1538938800,44,8.96,38.73,60.8,4.7
338,Salekhard,44,RU,1538944187,87,66.54,66.62,33.37,12.8
339,Capinopolis,32,BR,1538944187,85,-18.68,-49.57,75.22,4.74
340,Tondi,24,NG,1538944187,82,10.88,4.75,79.63,2.95
341,Derzhavinsk,32,KZ,1538944187,61,51.1,66.31,43.9,14.81
342,Lagoa,0,PT,1538942400,37,37.14,-8.45,71.6,9.17
343,Tifton,40,US,1538942880,44,31.45,-83.51,89.96,9.17
344,Tazovskiy,68,RU,1538944188,82,67.47,78.7,40.75,14.81
345,Solnechnyy,88,RU,1538944189,99,50.72,136.64,44.26,3.74
346,Henties Bay,0,NA,1538944189,92,-22.12,14.28,60.46,3.74
347,Santander,68,PH,1538943897,100,9.42,123.33,79.72,7.65
348,Belyy Yar,0,RU,1538940600,93,53.6,91.39,35.6,2.73
349,Turukhansk,92,RU,1538944190,78,65.8,87.96,46.87,12.68
350,Kotka,0,FI,1538941800,99,60.47,26.95,33.8,3.36
351,Komsomolskiy,92,RU,1538944190,98,67.55,63.78,35.26,16.04
352,Zhangye,0,CN,1538944190,38,38.94,100.46,35.89,9.22
353,Margate,0,AU,1538942400,76,-43.03,147.26,51.8,8.05
354,Muros,0,ES,1538942400,66,42.77,-9.06,50.0,10.29
355,Neiafu,20,TO,1538942400,83,-18.65,-173.98,77.0,2.95
356,Arlit,36,NE,1538944211,18,18.74,7.39,86.02,6.64
357,Viedma,44,AR,1538944211,22,-40.81,-62.99,77.56,11.68
358,Labuhan,24,ID,1538944212,96,-2.54,115.51,68.2,1.72
359,Orlik,0,RU,1538944212,52,52.51,99.83,3.49,1.72
360,Bathsheba,20,BB,1538942400,74,13.22,-59.52,82.4,18.34
361,Nizwa,0,OM,1538944213,43,22.93,57.53,66.58,1.61
362,Campo Verde,0,PE,1538944213,42,-8.47,-74.81,93.49,4.18
363,Ludvika,12,SE,1538941800,100,60.15,15.18,30.2,4.7
364,Najran,0,SA,1538942400,17,17.54,44.22,77.0,2.51
365,Tete,0,MZ,1538944145,51,-16.16,33.59,74.68,11.01
366,Hasaki,75,JP,1538940600,73,35.73,140.83,71.6,6.93
367,Ambilobe,8,MG,1538944215,82,-13.19,49.05,70.72,3.4
368,Teruel,0,ES,1538942400,44,40.34,-1.11,60.8,4.7
369,Buraydah,0,SA,1538942400,32,26.33,43.97,80.6,2.24
370,Lompoc,1,US,1538942160,54,34.64,-120.46,82.94,20.8
371,Palmer,90,US,1538942160,88,61.6,-149.11,48.02,3.36
372,Shenzhen,20,CN,1538942400,74,22.54,114.05,78.8,8.05
373,Coahuayana,24,MX,1538944217,81,18.62,-100.35,79.09,3.18
374,Bubaque,40,GW,1538942400,79,11.28,-15.83,84.2,4.7
375,Nyuksenitsa,92,RU,1538944217,98,60.41,44.24,41.56,2.73
376,Pingliang,80,CN,1538944217,91,35.54,106.68,39.31,2.84
377,Shingu,24,JP,1538944218,100,33.72,135.99,73.06,4.97
378,San Ramon,75,NI,1538942400,94,12.92,-85.84,71.6,2.17
379,Tessalit,0,ML,1538944219,21,20.2,1.01,72.61,7.76
380,Nemuro,88,JP,1538944219,100,43.32,145.57,54.88,15.82
381,Lipari,20,IT,1538942100,73,38.47,14.95,69.8,3.36
382,Gunjur,75,GM,1538942400,88,13.18,-16.76,82.4,3.36
383,Usinsk,92,RU,1538944220,97,66.0,57.56,37.06,11.23
384,Bridlington,44,GB,1538941800,71,54.08,-0.19,51.8,12.75
385,Kruisfontein,0,ZA,1538944220,89,-34.0,24.73,65.32,13.69
386,Floro,100,NO,1538941800,81,61.6,5.03,44.6,28.86
387,Husavik,24,CA,1538944221,100,50.56,-96.99,42.37,4.18
388,Ippy,36,CF,1538944221,93,6.26,21.2,69.1,2.95
389,Constitucion,90,MX,1538941260,46,23.99,-104.67,71.6,11.41
390,Port Hardy,90,CA,1538942400,93,50.7,-127.42,50.0,12.75
391,Pevek,92,RU,1538944222,100,69.7,170.27,34.9,9.44
392,Del Rio,1,US,1538941980,87,29.36,-100.9,77.0,6.93
393,Flin Flon,90,CA,1538942400,86,54.77,-101.88,28.4,10.29
394,Gorontalo,44,ID,1538944222,93,0.54,123.06,73.96,1.83
395,Sungaipenuh,76,ID,1538944222,94,-2.08,101.38,66.22,0.38
396,Vestmanna,80,FO,1538941800,75,62.16,-7.17,44.6,14.99
397,Esmeraldas,0,BR,1538942400,50,-19.76,-44.31,78.8,3.36
398,Batagay,76,RU,1538944243,87,67.65,134.64,19.96,3.29
399,Loa Janan,88,ID,1538944243,99,-0.58,117.09,73.96,2.17
400,Dikson,36,RU,1538944243,94,73.51,80.55,40.03,43.11
401,Morbegno,75,IT,1538941800,93,46.13,9.57,59.0,0.27
402,Katubao,0,PH,1538944244,100,5.89,124.83,71.71,3.74
403,Parana,75,BR,1538942400,55,-7.52,-72.89,89.6,2.24
404,Verkhnyaya Inta,76,RU,1538944244,96,65.99,60.32,37.06,6.64
405,Noumea,0,NC,1538942400,88,-22.28,166.46,66.2,6.76
406,Haimen,12,CN,1538944245,100,31.87,121.18,62.62,6.98
407,Macamic,75,CA,1538942400,69,48.75,-79.0,39.2,3.36
408,Nsanje,0,MZ,1538944245,59,-16.92,35.26,70.72,9.33
409,Omidiyeh,0,IR,1538942400,62,30.76,49.7,84.2,4.7
410,Kaseda,56,JP,1538944245,100,31.42,130.32,72.61,12.24
411,Camabatela,12,AO,1538944246,95,-8.19,15.37,64.42,2.73
412,West Odessa,75,US,1538942400,62,31.84,-102.48,82.04,21.92
413,Ulladulla,40,AU,1538942400,100,-35.36,150.48,57.2,12.75
414,Coquimbo,40,CL,1538942400,72,-29.95,-71.34,59.0,11.41
415,Katima Mulilo,0,NA,1538944247,29,-17.5,24.28,66.49,7.2
416,Abu Kamal,64,SY,1538944247,36,34.45,40.92,75.76,8.77
417,Krabi,20,TH,1538942400,100,8.06,98.92,77.0,3.36
418,Sorland,48,NO,1538944247,100,67.67,12.69,47.14,24.09
419,Pringsewu,44,ID,1538944248,91,-5.36,104.98,72.7,1.05
420,Hailar,32,CN,1538944248,87,49.2,119.7,25.63,5.64
421,Xinglongshan,0,CN,1538938800,69,43.96,125.47,37.4,8.95
422,Bria,68,CF,1538944248,94,6.54,21.99,67.66,3.06
423,Winder,40,US,1538942160,43,33.99,-83.72,91.4,6.2
424,Srednekolymsk,88,RU,1538944249,96,67.46,153.71,28.6,3.06
425,Davlekanovo,90,RU,1538940600,76,54.22,55.03,53.6,11.18
426,Lorengau,56,PG,1538944249,100,-2.02,147.27,82.51,7.2
427,La Ronge,90,CA,1538943420,79,55.1,-105.3,28.4,9.17
428,Macomb,90,US,1538943300,93,40.46,-90.67,66.2,9.17
429,Methoni,20,GR,1538941800,88,36.82,21.7,64.4,4.7
430,Alofi,40,NU,1538942400,74,-19.06,-169.92,78.8,3.36
431,Valparaiso,90,US,1538943300,84,41.47,-87.06,73.4,8.99
432,Batouri,24,CM,1538944250,98,4.44,14.36,68.29,2.62
433,Bilma,0,NE,1538944251,23,18.69,12.92,75.22,4.18
434,Dakar,20,SN,1538942400,83,14.69,-17.45,84.2,9.17
435,Necochea,0,AR,1538944209,41,-38.55,-58.74,77.47,15.82
436,Werota,24,ET,1538944252,85,11.92,37.7,55.24,2.62
437,Kabalo,24,CD,1538944252,92,-6.05,26.92,72.43,3.62
438,Narsaq,0,GL,1538941800,75,60.91,-46.05,32.0,9.17
439,San Pedro,0,AR,1538944253,38,-33.68,-59.66,78.46,10.78
440,Orapa,0,BW,1538944254,18,-21.28,25.37,70.0,16.04
441,Sangar,68,RU,1538944254,87,63.92,127.47,28.69,4.63
442,Khovu-Aksy,0,RU,1538944274,68,51.13,93.72,19.87,2.39
443,Bechet,0,RO,1538942400,66,43.78,23.96,53.6,3.36
444,Shelburne,90,CA,1538942700,93,44.08,-80.2,57.2,4.7
445,Saint-Joseph,44,FR,1538942400,93,43.56,6.97,68.0,6.93
446,Divnoye,8,RU,1538944275,85,45.91,43.34,51.64,15.82
447,Kamenka,0,RU,1538944276,66,53.19,44.05,49.57,17.05
448,Touros,0,BR,1538944276,77,-5.2,-35.46,79.72,18.5
449,Kon Tum,12,VN,1538944276,97,14.36,108.0,60.19,2.06
450,Lata,0,IN,1538944276,88,30.78,78.62,41.29,2.17
451,Ulagan,0,RU,1538944276,72,50.63,87.96,23.56,4.41
452,Taoudenni,0,ML,1538944277,22,22.68,-3.98,79.45,7.76
453,Dumbrava Rosie,0,RO,1538942400,76,46.88,26.43,53.6,11.41
454,Brumado,0,BR,1538944277,36,-14.2,-41.67,79.81,10.89
455,Am Timan,0,TD,1538944277,71,11.04,20.28,76.3,3.4
456,Balaipungut,68,ID,1538944278,97,1.11,101.31,74.32,2.51
457,Letpadan,48,MM,1538944278,95,17.78,95.75,75.22,2.28
458,Algeciras,0,ES,1538942400,57,36.13,-5.45,77.0,14.99
459,Khorramshahr,0,IR,1538942400,79,30.43,48.18,84.2,4.7
460,Lixourion,20,GR,1538941800,93,38.2,20.43,64.4,4.7
461,Anadyr,75,RU,1538938800,87,64.73,177.51,42.8,8.95
462,Gat,0,SN,1538944279,68,14.69,-16.54,84.31,6.42
463,Camalu,0,MX,1538944279,67,30.85,-116.07,69.01,6.87
464,Manokwari,56,ID,1538944279,100,-0.87,134.08,82.24,1.16
465,Satipo,36,PE,1538944279,80,-11.26,-74.64,74.68,1.16
466,Le Moule,90,GP,1538942400,74,16.33,-61.35,84.2,5.82
467,Gazli,0,UZ,1538944280,48,40.13,63.45,43.18,7.09
468,Aviles,0,ES,1538942400,71,43.55,-5.92,51.8,2.24
469,Paraiso,90,MX,1538941260,46,24.01,-104.61,71.6,11.41
470,Nkayi,24,CG,1538944281,86,-4.18,13.29,76.21,3.51
471,Sarahan,0,IN,1538944281,97,31.51,77.79,12.58,2.06
472,Shimoda,0,JP,1538944281,100,34.7,138.93,73.06,11.45
473,Kieta,68,PG,1538944281,100,-6.22,155.63,78.28,4.18
474,Gushikawa,1,JP,1538942400,92,26.35,127.87,75.2,6.93
475,Minuri,68,PH,1538944282,100,16.54,121.86,70.36,2.95
476,Aksarka,64,RU,1538944282,95,66.56,67.8,34.63,13.58
477,Clyde River,90,CA,1538942400,85,70.47,-68.59,24.8,3.29
478,Tabou,56,CI,1538944282,100,4.42,-7.36,79.72,9.89
479,Faya,0,SA,1538942400,20,18.39,42.45,66.2,3.36
480,Basco,90,US,1538943300,93,40.33,-91.2,69.08,6.93
481,Qeshm,0,IR,1538942400,78,26.96,56.27,80.6,6.93
482,Puerto Leguizamo,36,CO,1538944283,66,-0.19,-74.78,87.46,1.05
483,Nexo,0,DK,1538941800,100,55.06,15.13,39.2,2.24
484,Hinton,80,CA,1538944284,67,53.4,-117.57,41.38,2.62
485,Portobelo,20,PA,1538942400,66,9.55,-79.65,86.0,5.82
486,Pokaran,0,IN,1538944284,35,26.93,71.92,68.92,2.95
487,Coihaique,40,CL,1538942400,50,-45.58,-72.07,51.8,8.05
488,Tabas,24,IR,1538942400,40,33.6,56.92,68.0,9.17
489,Birao,12,CF,1538944305,87,10.3,22.78,73.42,3.18
490,Comodoro Rivadavia,40,AR,1538942400,33,-45.87,-67.48,62.6,18.34
491,Charyshskoye,56,RU,1538944306,88,51.4,83.56,41.38,5.53
492,Barranca,8,PE,1538944306,97,-10.75,-77.76,62.62,7.31
493,Watertown,90,US,1538943300,76,44.9,-97.12,51.26,10.29
494,Muli,0,IN,1538944306,54,22.62,71.45,79.63,5.3
495,Aloleng,0,PH,1538944306,100,16.13,119.78,76.12,4.97
496,Waingapu,0,ID,1538944307,94,-9.65,120.26,66.58,3.96
497,Voznesenye,88,RU,1538944307,100,61.02,35.48,39.94,13.47
498,Shubarshi,0,KZ,1538944307,72,48.59,57.19,43.36,10.56
499,Svetlaya,76,RU,1538944307,100,46.54,138.33,53.08,7.87
500,Port Hedland,0,AU,1538942400,88,-20.31,118.58,71.6,8.05
501,Mumbwa,0,ZM,1538944308,33,-14.99,27.06,69.19,11.01
502,Provost,32,CA,1538944308,49,52.35,-110.26,50.38,6.2
503,Belaya Gora,68,RU,1538944308,96,68.54,146.19,22.57,5.97
504,Klaksvik,56,FO,1538941800,75,62.23,-6.59,44.6,14.99
505,Muroto,100,JP,1538944309,100,33.37,134.14,67.66,7.54
506,Sechura,20,PE,1538944309,82,-5.56,-80.82,71.98,12.91
507,Karlskoga,32,SE,1538941800,93,59.33,14.52,37.4,4.7
508,Celestun,56,MX,1538944309,100,20.87,-90.4,81.79,19.17
509,Geraldton,75,CA,1538942400,60,49.72,-86.95,41.0,6.93
510,Makaha,75,US,1538942220,83,21.47,-158.22,84.92,10.67
511,Sydney,75,AU,1538942400,87,-33.85,151.22,59.0,12.75
512,Suzun,64,RU,1538944310,85,53.78,82.32,45.16,10.45
513,Grand-Lahou,48,CI,1538944310,88,5.24,-5.0,76.93,6.42
514,Atar,0,MR,1538944310,22,20.52,-13.05,87.37,6.76
515,Peniche,0,PT,1538942400,71,39.36,-9.38,60.8,4.7
516,Bonfim,40,BR,1538942400,53,-20.33,-44.24,78.8,4.7
517,Rio Gallegos,20,AR,1538942400,20,-51.62,-69.22,51.8,23.04
518,Alpena,90,US,1538943300,83,45.06,-83.43,50.54,9.17
519,Buin,90,CL,1538942400,42,-33.73,-70.74,62.6,8.05
520,Ballina,90,IE,1538942400,100,54.11,-9.15,53.6,14.99
521,Huanuco,64,PE,1538944312,85,-9.93,-76.24,55.51,1.61
522,Nyurba,80,RU,1538944312,93,63.29,118.35,32.11,4.18
523,Kita,75,JP,1538942400,78,35.76,139.74,73.4,12.75
524,Jaca,0,ES,1538942400,76,42.57,-0.55,51.8,13.87
525,Caravelas,8,BR,1538944313,100,-17.73,-39.27,77.83,12.01
526,Rabo de Peixe,20,PT,1538942400,83,37.8,-25.58,69.8,9.17
527,Antsohihy,92,MG,1538944314,89,-14.88,47.99,74.68,4.41
528,The Valley,75,AI,1538942400,83,18.22,-63.06,84.2,5.82
529,Cap Malheureux,20,MU,1538942400,83,-19.98,57.61,69.8,4.7
530,Beloha,0,MG,1538944314,86,-25.17,45.06,69.82,14.92
531,Kulhudhuffushi,92,MV,1538944315,100,6.62,73.07,79.27,9.22
532,Yar-Sale,88,RU,1538944315,100,66.83,70.83,37.42,16.93
533,Gavrilovka Vtoraya,0,RU,1538944315,65,52.88,42.77,49.21,16.04
534,Vilyuysk,80,RU,1538944335,87,63.75,121.63,32.2,4.74
535,Pontes e Lacerda,12,BR,1538944336,75,-15.23,-59.33,85.21,5.19
536,Iquitos,75,PE,1538942400,83,-3.75,-73.25,78.8,5.82
537,Northam,0,GB,1538941800,81,51.04,-4.21,48.2,5.82
538,Yanam,8,IN,1538944336,82,16.73,82.22,79.45,6.64
539,Ondjiva,80,AO,1538944337,24,-17.07,15.73,78.19,6.98
540,Nivala,0,FI,1538944337,87,63.93,24.96,27.16,3.51
541,Juba,40,EE,1538941800,93,57.82,26.93,39.2,5.82
542,Bolobo,24,CD,1538944337,90,-2.17,16.23,76.3,4.18
543,Huanren,0,CN,1538944338,78,41.26,125.37,33.82,3.18
544,Dergachi,0,RU,1538944338,59,51.24,48.77,48.94,13.47
545,Acapulco,75,MX,1538941380,74,16.86,-99.88,86.0,8.05
546,Kayerkan,88,RU,1538944338,86,69.35,87.76,44.62,24.09
547,Kundiawa,92,PG,1538944339,98,-6.02,144.97,58.66,1.28
548,Puerto Escondido,75,MX,1538941500,70,15.86,-97.07,86.0,9.17
549,Kalush,0,UA,1538940600,93,49.03,24.36,48.2,2.95
550,Adrar,0,DZ,1538942400,20,27.87,-0.29,84.2,4.29
551,Dingle,12,PH,1538944340,93,11.0,122.67,76.48,8.1
552,Trairi,12,BR,1538944340,98,-3.28,-39.27,80.26,21.41
553,Troitsko-Pechorsk,92,RU,1538944340,98,62.71,56.19,38.32,6.08
554,Benguela,8,AO,1538944340,100,-12.58,13.4,71.35,8.77
